<LWorldObjects>
	<obj name="OLDALE_HOUSE">
		<imageName>oldale_house</imageName>
		<size x="4f" y="4f" />
		<tiles>
			<tile x="0" y="0" />
			<tile x="2" y="0" />
			<tile x="3" y="0" />
			<tile x="0" y="1" />
			<tile x="1" y="1" />
			<tile x="2" y="1" />
			<tile x="3" y="1" />
			<tile x="0" y="2" />
			<tile x="1" y="2" />
			<tile x="2" y="2" />
			<tile x="3" y="2" />
		</tiles>
	</obj>
	<obj name="SMALL_HOUSE">
		<imageName>small_house</imageName>
		<size x="5f" y="5f" />
		<tiles>
			<tile x="0" y="0" />
			<tile x="1" y="0" />
			<tile x="2" y="0" />
			<!--(3, 0) is Door-->
			<tile x="4" y="0" />
			<tile x="0" y="1" />
			<tile x="1" y="1" />
			<tile x="2" y="1" />
			<tile x="3" y="1" />
			<tile x="4" y="1" />
			<tile x="0" y="2" />
			<tile x="1" y="2" />
			<tile x="2" y="2" />
			<tile x="3" y="2" />
			<tile x="4" y="2" />
		</tiles>
	</obj>
	<obj name="SMALL_HOUSE_MIRROR">
		<imageName>small_house_mirror</imageName>
		<size x="5f" y="5f" />
		<tiles>
			<tile x="0" y="0" />
			<tile x="1" y="0" />
			<tile x="3" y="0" />
			<tile x="4" y="0" />
			<tile x="0" y="1" />
			<tile x="1" y="1" />
			<tile x="2" y="1" />
			<tile x="3" y="1" />
			<tile x="4" y="1" />
			<tile x="0" y="2" />
			<tile x="1" y="2" />
			<tile x="2" y="2" />
			<tile x="3" y="2" />
			<tile x="4" y="2" />
		</tiles>
	</obj>
	<obj name="LABORATORY">
		<imageName>laboratory</imageName>
		<size x="7f" y="5f" />
		<tiles>
			<tile x="0" y="0" />
			<tile x="1" y="0" />
			
			<tile x="2" y="0" />
			<tile x="3" y="0" />
			<tile x="5" y="0" />
			<tile x="6" y="0" />
			
			<tile x="0" y="1" />
			<tile x="6" y="1" />
			
			<tile x="0" y="2" />
			<tile x="6" y="2" />
			<tile x="0" y="3" />
			<tile x="1" y="3" />
			<tile x="2" y="3" />
			<tile x="3" y="3" />
			<tile x="4" y="3" />
			<tile x="5" y="3" />
			<tile x="6" y="3" />
		</tiles>
	</obj>
	<obj name="BIG_TREE">
		<imageName>large_tree</imageName>
		<size x="2f" y="3f" />
		<tiles>
			<tile x="0" y="0" />
			<tile x="1" y="0" />
			<tile x="0" y="1" />
			<tile x="1" y="1" />
		</tiles>
	</obj>
	<obj name="SIGN">
		<imageName>sign</imageName>
		<size x="1f" y="1f" />
		<tiles>
			<tile x="0" y="0" />
		</tiles>
	</obj>
</LWorldObjects>